-- phpMyAdmin SQL Dump
-- version 4.9.0.1
-- https://www.phpmyadmin.net/
--
-- Host: 127.0.0.1
-- Generation Time: Sep 16, 2023 at 02:09 PM
-- Server version: 10.4.6-MariaDB
-- PHP Version: 7.3.9

SET SQL_MODE = "NO_AUTO_VALUE_ON_ZERO";
SET AUTOCOMMIT = 0;
START TRANSACTION;
SET time_zone = "+00:00";


/*!40101 SET @OLD_CHARACTER_SET_CLIENT=@@CHARACTER_SET_CLIENT */;
/*!40101 SET @OLD_CHARACTER_SET_RESULTS=@@CHARACTER_SET_RESULTS */;
/*!40101 SET @OLD_COLLATION_CONNECTION=@@COLLATION_CONNECTION */;
/*!40101 SET NAMES utf8mb4 */;

--
-- Database: `wma-maestro`
--

-- --------------------------------------------------------

--
-- Table structure for table `data_dummy`
--

CREATE TABLE `data_dummy` (
  `id_dummy` int(11) NOT NULL,
  `periode` varchar(125) NOT NULL,
  `permintaan` int(11) NOT NULL,
  `forecast` double NOT NULL
) ENGINE=InnoDB DEFAULT CHARSET=latin1;

--
-- Dumping data for table `data_dummy`
--

INSERT INTO `data_dummy` (`id_dummy`, `periode`, `permintaan`, `forecast`) VALUES
(1, 'November', 3250, 0),
(2, 'Desember', 3240, 0),
(3, 'Januari', 3250, 0),
(4, 'Februari', 3260, 0),
(5, 'Maret', 3260, 0),
(6, 'April', 3250, 0),
(7, 'Mei', 3260, 0),
(8, 'Juni', 3250, 0),
(9, 'Juli', 3120, 0),
(10, 'Agustus', 3019, 0),
(11, 'September', 3112, 0),
(12, 'Oktober', 3240, 0);

-- --------------------------------------------------------

--
-- Table structure for table `jenis_barang`
--

CREATE TABLE `jenis_barang` (
  `id_jenis` int(11) NOT NULL,
  `id_kategori` int(11) NOT NULL,
  `id_supplier` int(11) NOT NULL,
  `nama_barang` varchar(125) NOT NULL,
  `deskripsi` text NOT NULL,
  `harga_supplier` varchar(20) DEFAULT NULL,
  `stok_supplier` int(11) DEFAULT NULL,
  `harga_gudang` varchar(20) DEFAULT NULL,
  `stok_gudang` int(11) DEFAULT NULL,
  `stok_minimal` int(11) NOT NULL,
  `gambar` text NOT NULL,
  `type` int(11) NOT NULL
) ENGINE=InnoDB DEFAULT CHARSET=latin1;

--
-- Dumping data for table `jenis_barang`
--

INSERT INTO `jenis_barang` (`id_jenis`, `id_kategori`, `id_supplier`, `nama_barang`, `deskripsi`, `harga_supplier`, `stok_supplier`, `harga_gudang`, `stok_gudang`, `stok_minimal`, `gambar`, `type`) VALUES
(1, 2, 2, 'Art Paper', 'Kertas Gambar Sketsa Ukuran A5. Isi 100 lembar', '54000', 120, NULL, NULL, 0, 'paper.jpg', 2),
(2, 2, 2, 'Matte Paper', 'Kertas Origami. Ukuran A3. Isi 50 lembar', '15000', 120, NULL, NULL, 0, 'paper.jpg', 2),
(3, 2, 2, 'Art Carton', 'Kertas karton satuan', '5000', 120, NULL, NULL, 0, 'paper.jpg', 2),
(4, 2, 2, 'NCR', 'Kertas NCR', '6000', 120, NULL, NULL, 0, 'paper.jpg', 2),
(5, 2, 2, 'Foil', 'Kertas Foil', '34000', 120, NULL, NULL, 0, 'paper.jpg', 2),
(6, 2, 2, 'Ivory', 'Kertas Ivory per Lembar', '15000', 120, NULL, NULL, 0, 'paper.jpg', 2),
(7, 2, 2, 'Duplex', 'Kertas Duplex', '18000', 120, NULL, NULL, 0, 'paper.jpg', 2),
(8, 2, 2, 'Kalkir', 'Kertas Kalkir', '12000', 120, NULL, NULL, 0, 'paper.jpg', 2),
(9, 2, 2, 'Mika', 'Mika', '5000', 120, NULL, NULL, 0, 'paper.jpg', 2),
(10, 2, 2, 'Hot Melt Glue', 'Lem', '5000', 120, NULL, NULL, 0, 'paper.jpg', 2),
(11, 2, 2, 'Jelly Glue', 'Lem Kertas', '6000', 120, NULL, NULL, 0, 'paper.jpg', 2);

-- --------------------------------------------------------

--
-- Table structure for table `kategori_barang`
--

CREATE TABLE `kategori_barang` (
  `id_kategori` int(11) NOT NULL,
  `nama_kategori` varchar(125) NOT NULL
) ENGINE=InnoDB DEFAULT CHARSET=latin1;

--
-- Dumping data for table `kategori_barang`
--

INSERT INTO `kategori_barang` (`id_kategori`, `nama_kategori`) VALUES
(2, 'Kertas'),
(3, 'Bahan Lem'),
(4, 'Bahan Banner'),
(5, 'Bahan Stempel'),
(6, 'Bahan Tinta'),
(7, 'Bahan Lain - Lainnya');

-- --------------------------------------------------------

--
-- Table structure for table `po_barang`
--

CREATE TABLE `po_barang` (
  `id_po_bar` int(11) NOT NULL,
  `id_reseller` int(11) NOT NULL,
  `tgl_tran_bar` varchar(20) NOT NULL,
  `tot_bay_bar` varchar(20) NOT NULL,
  `stat_bay_bar` int(11) NOT NULL,
  `bukti_bay_bar` text NOT NULL,
  `stat_order_bar` int(11) NOT NULL,
  `alamat_kirim_bar` text NOT NULL
) ENGINE=InnoDB DEFAULT CHARSET=latin1;

-- --------------------------------------------------------

--
-- Table structure for table `po_bb`
--

CREATE TABLE `po_bb` (
  `id_po_bb` int(11) NOT NULL,
  `id_user` int(11) NOT NULL,
  `id_supplier` int(11) NOT NULL,
  `tgl_transaksi` varchar(15) NOT NULL,
  `total_bayar` varchar(15) NOT NULL,
  `stat_bayar` int(11) NOT NULL,
  `bukti_bayar` text NOT NULL,
  `status_order` int(11) NOT NULL,
  `alamat_pengiriman` text NOT NULL
) ENGINE=InnoDB DEFAULT CHARSET=latin1;

--
-- Dumping data for table `po_bb`
--

INSERT INTO `po_bb` (`id_po_bb`, `id_user`, `id_supplier`, `tgl_transaksi`, `total_bayar`, `stat_bayar`, `bukti_bayar`, `status_order`, `alamat_pengiriman`) VALUES
(1, 1, 2, '2022-01-01', '330000', 1, '', 4, 'Kuningan'),
(2, 1, 2, '2022-01-02', '455000', 1, '', 4, 'Kuningan'),
(3, 1, 2, '2022-01-03', '1182000', 1, '', 4, 'Kuningan'),
(4, 1, 2, '2022-01-04', '2010000', 1, '', 4, 'Kuningan'),
(5, 1, 2, '2022-01-05', '15000', 1, '', 4, 'Kuningan'),
(6, 1, 2, '2022-01-06', '885000', 1, '', 4, 'Kuningan'),
(7, 1, 2, '2022-01-07', '786000', 1, '', 4, 'Kuningan'),
(8, 1, 2, '2022-01-08', '576000', 1, '', 4, 'Kuningan'),
(9, 1, 2, '2022-01-09', '210000', 1, '', 4, 'Kuningan'),
(10, 1, 2, '2022-01-10', '2580000', 1, '', 4, 'Kuningan'),
(11, 1, 2, '2022-01-11', '888000', 1, '', 4, 'Kuningan'),
(12, 1, 2, '2022-01-12', '1755000', 1, '', 4, 'Kuningan'),
(13, 1, 2, '2022-01-13', '10368000', 1, '', 4, 'Kuningan'),
(14, 1, 2, '2022-01-14', '780000', 1, '', 4, 'Kuningan'),
(15, 1, 2, '2022-01-15', '1746000', 1, '', 4, 'Kuningan'),
(16, 1, 2, '2022-01-16', '725000', 1, '', 4, 'Kuningan'),
(17, 1, 2, '2022-01-17', '354000', 1, '', 4, 'Kuningan'),
(18, 1, 2, '2022-01-18', '815000', 1, '', 4, 'Kuningan'),
(19, 1, 2, '2022-01-19', '792000', 1, '', 4, 'Kuningan'),
(20, 1, 2, '2022-01-20', '1260000', 1, '', 4, 'Kuningan'),
(21, 1, 2, '2022-01-21', '954000', 1, '', 4, 'Kuningan'),
(22, 1, 2, '2022-01-22', '15000', 1, '', 4, 'Kuningan'),
(23, 1, 2, '2022-01-23', '1836000', 1, '', 4, 'Kuningan'),
(24, 1, 2, '2022-01-24', '1545000', 1, '', 4, 'Kuningan'),
(25, 1, 2, '2022-01-25', '55000', 1, '', 4, 'Kuningan'),
(26, 1, 2, '2022-01-26', '310000', 1, '', 4, 'Kuningan'),
(27, 1, 2, '2022-01-27', '765000', 1, '', 4, 'Kuningan'),
(28, 1, 2, '2022-01-28', '255000', 1, '', 4, 'Kuningan'),
(29, 1, 2, '2022-01-29', '1188000', 1, '', 4, 'Kuningan'),
(30, 1, 2, '2022-01-30', '2376000', 1, '', 4, 'Kuningan'),
(31, 1, 2, '2022-01-31', '138000', 1, '', 4, 'Kuningan'),
(32, 1, 2, '2022-02-01', '280000', 1, '', 4, 'Kuningan'),
(33, 1, 2, '2022-02-02', '2210000', 1, '', 4, 'Kuningan'),
(34, 1, 2, '2022-02-03', '160000', 1, '', 4, 'Kuningan'),
(35, 1, 2, '2022-02-04', '805000', 1, '', 4, 'Kuningan'),
(36, 1, 2, '2022-02-05', '5236000', 1, '', 4, 'Kuningan'),
(37, 1, 2, '2022-02-06', '2412000', 1, '', 4, 'Kuningan'),
(38, 1, 2, '2022-02-07', '972000', 1, '', 4, 'Kuningan'),
(39, 1, 2, '2022-02-08', '972000', 1, '', 4, 'Kuningan'),
(40, 1, 2, '2022-02-09', '855000', 1, '', 4, 'Kuningan'),
(41, 1, 2, '2022-02-10', '894000', 1, '', 4, 'Kuningan'),
(42, 1, 2, '2022-02-11', '310000', 1, '', 4, 'Kuningan'),
(43, 1, 2, '2022-02-12', '10206000', 1, '', 4, 'Kuningan'),
(44, 1, 2, '2022-02-13', '785000', 1, '', 4, 'Kuningan'),
(45, 1, 2, '2022-02-14', '324000', 1, '', 4, 'Kuningan'),
(46, 1, 2, '2022-02-15', '1000000', 1, '', 4, 'Kuningan'),
(47, 1, 2, '2022-02-16', '294000', 1, '', 4, 'Kuningan'),
(48, 1, 2, '2022-02-17', '4114000', 1, '', 4, 'Kuningan'),
(49, 1, 2, '2022-02-18', '590000', 1, '', 4, 'Kuningan'),
(50, 1, 2, '2022-02-19', '2625000', 1, '', 4, 'Kuningan'),
(51, 1, 2, '2022-02-20', '25000', 1, '', 4, 'Kuningan'),
(52, 1, 2, '2022-02-21', '954000', 1, '', 4, 'Kuningan'),
(53, 1, 2, '2022-02-22', '4148000', 1, '', 4, 'Kuningan'),
(54, 1, 2, '2022-02-23', '780000', 1, '', 4, 'Kuningan'),
(55, 1, 2, '2022-02-24', '1836000', 1, '', 4, 'Kuningan'),
(56, 1, 2, '2022-02-25', '8154000', 1, '', 4, 'Kuningan'),
(57, 1, 2, '2022-02-26', '1908000', 1, '', 4, 'Kuningan'),
(58, 1, 2, '2022-02-27', '330000', 1, '', 4, 'Kuningan'),
(59, 1, 2, '2022-02-28', '930000', 1, '', 4, 'Kuningan'),
(60, 1, 2, '2022-03-01', '756000', 1, '', 4, 'Kuningan'),
(61, 1, 2, '2022-03-02', '345000', 1, '', 4, 'Kuningan'),
(62, 1, 2, '2022-03-03', '972000', 1, '', 4, 'Kuningan'),
(63, 1, 2, '2022-03-04', '660000', 1, '', 4, 'Kuningan'),
(64, 1, 2, '2022-03-05', '3434000', 1, '', 4, 'Kuningan'),
(65, 1, 2, '2022-03-06', '306000', 1, '', 4, 'Kuningan'),
(66, 1, 2, '2022-03-07', '1026000', 1, '', 4, 'Kuningan'),
(67, 1, 2, '2022-03-08', '925000', 1, '', 4, 'Kuningan'),
(68, 1, 2, '2022-03-09', '620000', 1, '', 4, 'Kuningan'),
(69, 1, 2, '2022-03-10', '660000', 1, '', 4, 'Kuningan'),
(70, 1, 2, '2022-03-11', '1665000', 1, '', 4, 'Kuningan'),
(71, 1, 2, '2022-03-12', '1830000', 1, '', 4, 'Kuningan'),
(72, 1, 2, '2022-03-13', '120000', 1, '', 4, 'Kuningan'),
(73, 1, 2, '2022-03-14', '4556000', 1, '', 4, 'Kuningan'),
(74, 1, 2, '2022-03-15', '675000', 1, '', 4, 'Kuningan'),
(75, 1, 2, '2022-03-16', '1188000', 1, '', 4, 'Kuningan'),
(76, 1, 2, '2022-03-17', '2625000', 1, '', 4, 'Kuningan'),
(77, 1, 2, '2022-03-18', '465000', 1, '', 4, 'Kuningan'),
(78, 1, 2, '2022-03-19', '30000', 1, '', 4, 'Kuningan'),
(79, 1, 2, '2022-03-20', '396000', 1, '', 4, 'Kuningan'),
(80, 1, 2, '2022-03-21', '820000', 1, '', 4, 'Kuningan'),
(81, 1, 2, '2022-03-22', '972000', 1, '', 4, 'Kuningan'),
(82, 1, 2, '2022-03-23', '900000', 1, '', 4, 'Kuningan'),
(83, 1, 2, '2022-03-24', '2625000', 1, '', 4, 'Kuningan'),
(84, 1, 2, '2022-03-25', '720000', 1, '', 4, 'Kuningan'),
(85, 1, 2, '2022-03-26', '1008000', 1, '', 4, 'Kuningan'),
(86, 1, 2, '2022-03-27', '1746000', 1, '', 4, 'Kuningan'),
(87, 1, 2, '2022-03-28', '264000', 1, '', 4, 'Kuningan'),
(88, 1, 2, '2022-03-29', '545000', 1, '', 4, 'Kuningan'),
(89, 1, 2, '2022-03-30', '3456000', 1, '', 4, 'Kuningan'),
(90, 1, 2, '2022-03-31', '1116000', 1, '', 4, 'Kuningan'),
(91, 1, 2, '2022-04-01', '1800000', 1, '', 4, 'Kuningan'),
(92, 1, 2, '2022-04-02', '2760000', 1, '', 4, 'Kuningan'),
(93, 1, 2, '2022-04-03', '2175000', 1, '', 4, 'Kuningan'),
(94, 1, 2, '2022-04-04', '2176000', 1, '', 4, 'Kuningan'),
(95, 1, 2, '2022-04-05', '990000', 1, '', 4, 'Kuningan'),
(96, 1, 2, '2022-04-06', '2052000', 1, '', 4, 'Kuningan'),
(97, 1, 2, '2022-04-07', '6318000', 1, '', 4, 'Kuningan'),
(98, 1, 2, '2022-04-08', '1870000', 1, '', 4, 'Kuningan'),
(99, 1, 2, '2022-04-09', '442000', 1, '', 4, 'Kuningan'),
(100, 1, 2, '2022-04-10', '438000', 1, '', 4, 'Kuningan'),
(101, 1, 2, '2022-04-11', '780000', 1, '', 4, 'Kuningan'),
(102, 1, 2, '2022-04-12', '30000', 1, '', 4, 'Kuningan'),
(103, 1, 2, '2022-04-13', '1875000', 1, '', 4, 'Kuningan'),
(104, 1, 2, '2022-04-14', '2280000', 1, '', 4, 'Kuningan'),
(105, 1, 2, '2022-04-15', '5576000', 1, '', 4, 'Kuningan'),
(106, 1, 2, '2022-04-16', '192000', 1, '', 4, 'Kuningan'),
(107, 1, 2, '2022-04-17', '1284000', 1, '', 4, 'Kuningan'),
(108, 1, 2, '2022-04-18', '285000', 1, '', 4, 'Kuningan'),
(109, 1, 2, '2022-04-19', '9612000', 1, '', 4, 'Kuningan'),
(110, 1, 2, '2022-04-20', '1548000', 1, '', 4, 'Kuningan'),
(111, 1, 2, '2022-04-21', '170000', 1, '', 4, 'Kuningan'),
(112, 1, 2, '2022-04-22', '530000', 1, '', 4, 'Kuningan'),
(113, 1, 2, '2022-04-23', '2175000', 1, '', 4, 'Kuningan'),
(114, 1, 2, '2022-04-24', '170000', 1, '', 4, 'Kuningan'),
(115, 1, 2, '2022-04-25', '50000', 1, '', 4, 'Kuningan'),
(116, 1, 2, '2022-04-26', '185000', 1, '', 4, 'Kuningan'),
(117, 1, 2, '2022-04-27', '132000', 1, '', 4, 'Kuningan'),
(118, 1, 2, '2022-04-28', '792000', 1, '', 4, 'Kuningan'),
(119, 1, 2, '2022-04-29', '732000', 1, '', 4, 'Kuningan'),
(120, 1, 2, '2022-04-30', '1035000', 1, '', 4, 'Kuningan'),
(121, 1, 2, '2022-05-01', '875000', 1, '', 4, 'Kuningan'),
(122, 1, 2, '2022-05-02', '990000', 1, '', 4, 'Kuningan'),
(123, 1, 2, '2022-05-03', '2955000', 1, '', 4, 'Kuningan'),
(124, 1, 2, '2022-05-04', '825000', 1, '', 4, 'Kuningan'),
(125, 1, 2, '2022-05-05', '6966000', 1, '', 4, 'Kuningan'),
(126, 1, 2, '2022-05-06', '475000', 1, '', 4, 'Kuningan'),
(127, 1, 2, '2022-05-07', '174000', 1, '', 4, 'Kuningan'),
(128, 1, 2, '2022-05-08', '822000', 1, '', 4, 'Kuningan'),
(129, 1, 2, '2022-05-09', '732000', 1, '', 4, 'Kuningan'),
(130, 1, 2, '2022-05-10', '360000', 1, '', 4, 'Kuningan'),
(131, 1, 2, '2022-05-11', '1332000', 1, '', 4, 'Kuningan'),
(132, 1, 2, '2022-05-12', '315000', 1, '', 4, 'Kuningan'),
(133, 1, 2, '2022-05-13', '10044000', 1, '', 4, 'Kuningan'),
(134, 1, 2, '2022-05-14', '8586000', 1, '', 4, 'Kuningan'),
(135, 1, 2, '2022-05-15', '2388000', 1, '', 4, 'Kuningan'),
(136, 1, 2, '2022-05-16', '822000', 1, '', 4, 'Kuningan'),
(137, 1, 2, '2022-05-17', '2235000', 1, '', 4, 'Kuningan'),
(138, 1, 2, '2022-05-18', '250000', 1, '', 4, 'Kuningan'),
(139, 1, 2, '2022-05-19', '390000', 1, '', 4, 'Kuningan'),
(140, 1, 2, '2022-05-20', '1968000', 1, '', 4, 'Kuningan'),
(141, 1, 2, '2022-05-21', '648000', 1, '', 4, 'Kuningan'),
(142, 1, 2, '2022-05-22', '1380000', 1, '', 4, 'Kuningan'),
(143, 1, 2, '2022-05-23', '480000', 1, '', 4, 'Kuningan'),
(144, 1, 2, '2022-05-24', '1605000', 1, '', 4, 'Kuningan'),
(145, 1, 2, '2022-05-25', '5644000', 1, '', 4, 'Kuningan'),
(146, 1, 2, '2022-05-26', '60000', 1, '', 4, 'Kuningan'),
(147, 1, 2, '2022-05-27', '108000', 1, '', 4, 'Kuningan'),
(148, 1, 2, '2022-05-28', '665000', 1, '', 4, 'Kuningan'),
(149, 1, 2, '2022-05-29', '1980000', 1, '', 4, 'Kuningan'),
(150, 1, 2, '2022-05-30', '552000', 1, '', 4, 'Kuningan'),
(151, 1, 2, '2022-05-31', '380000', 1, '', 4, 'Kuningan'),
(152, 1, 2, '2022-06-01', '612000', 1, '', 4, 'Kuningan'),
(153, 1, 2, '2022-06-02', '315000', 1, '', 4, 'Kuningan'),
(154, 1, 2, '2022-06-03', '200000', 1, '', 4, 'Kuningan'),
(155, 1, 2, '2022-06-04', '215000', 1, '', 4, 'Kuningan'),
(156, 1, 2, '2022-06-05', '852000', 1, '', 4, 'Kuningan'),
(157, 1, 2, '2022-06-06', '2520000', 1, '', 4, 'Kuningan'),
(158, 1, 2, '2022-06-07', '8424000', 1, '', 4, 'Kuningan'),
(159, 1, 2, '2022-06-08', '90000', 1, '', 4, 'Kuningan'),
(160, 1, 2, '2022-06-09', '2256000', 1, '', 4, 'Kuningan'),
(161, 1, 2, '2022-06-10', '2880000', 1, '', 4, 'Kuningan'),
(162, 1, 2, '2022-06-11', '3240000', 1, '', 4, 'Kuningan'),
(163, 1, 2, '2022-06-12', '216000', 1, '', 4, 'Kuningan'),
(164, 1, 2, '2022-06-13', '6804000', 1, '', 4, 'Kuningan'),
(165, 1, 2, '2022-06-14', '310000', 1, '', 4, 'Kuningan'),
(166, 1, 2, '2022-06-15', '1026000', 1, '', 4, 'Kuningan'),
(167, 1, 2, '2022-06-16', '390000', 1, '', 4, 'Kuningan'),
(168, 1, 2, '2022-06-17', '36000', 1, '', 4, 'Kuningan'),
(169, 1, 2, '2022-06-18', '3168000', 1, '', 4, 'Kuningan'),
(170, 1, 2, '2022-06-19', '245000', 1, '', 4, 'Kuningan'),
(171, 1, 2, '2022-06-20', '2010000', 1, '', 4, 'Kuningan'),
(172, 1, 2, '2022-06-21', '720000', 1, '', 4, 'Kuningan'),
(173, 1, 2, '2022-06-22', '120000', 1, '', 4, 'Kuningan'),
(174, 1, 2, '2022-06-23', '845000', 1, '', 4, 'Kuningan'),
(175, 1, 2, '2022-06-24', '1680000', 1, '', 4, 'Kuningan'),
(176, 1, 2, '2022-06-25', '35000', 1, '', 4, 'Kuningan'),
(177, 1, 2, '2022-06-26', '828000', 1, '', 4, 'Kuningan'),
(178, 1, 2, '2022-06-27', '765000', 1, '', 4, 'Kuningan'),
(179, 1, 2, '2022-06-28', '918000', 1, '', 4, 'Kuningan'),
(180, 1, 2, '2022-06-29', '1008000', 1, '', 4, 'Kuningan'),
(181, 1, 2, '2022-06-30', '50000', 1, '', 4, 'Kuningan'),
(182, 1, 2, '2022-07-01', '756000', 1, '', 4, 'Kuningan'),
(183, 1, 2, '2022-07-02', '2256000', 1, '', 4, 'Kuningan'),
(184, 1, 2, '2022-07-03', '270000', 1, '', 4, 'Kuningan'),
(185, 1, 2, '2022-07-04', '810000', 1, '', 4, 'Kuningan'),
(186, 1, 2, '2022-07-05', '1146000', 1, '', 4, 'Kuningan'),
(187, 1, 2, '2022-07-06', '4914000', 1, '', 4, 'Kuningan'),
(188, 1, 2, '2022-07-07', '2280000', 1, '', 4, 'Kuningan'),
(189, 1, 2, '2022-07-08', '2646000', 1, '', 4, 'Kuningan'),
(190, 1, 2, '2022-07-09', '486000', 1, '', 4, 'Kuningan'),
(191, 1, 2, '2022-07-10', '2460000', 1, '', 4, 'Kuningan'),
(192, 1, 2, '2022-07-11', '570000', 1, '', 4, 'Kuningan'),
(193, 1, 2, '2022-07-12', '190000', 1, '', 4, 'Kuningan'),
(194, 1, 2, '2022-07-13', '655000', 1, '', 4, 'Kuningan'),
(195, 1, 2, '2022-07-14', '300000', 1, '', 4, 'Kuningan'),
(196, 1, 2, '2022-07-15', '2445000', 1, '', 4, 'Kuningan'),
(197, 1, 2, '2022-07-16', '510000', 1, '', 4, 'Kuningan'),
(198, 1, 2, '2022-07-17', '3402000', 1, '', 4, 'Kuningan'),
(199, 1, 2, '2022-07-18', '540000', 1, '', 4, 'Kuningan'),
(200, 1, 2, '2022-07-19', '2958000', 1, '', 4, 'Kuningan'),
(201, 1, 2, '2022-07-20', '996000', 1, '', 4, 'Kuningan'),
(202, 1, 2, '2022-07-21', '240000', 1, '', 4, 'Kuningan'),
(203, 1, 2, '2022-07-22', '780000', 1, '', 4, 'Kuningan'),
(204, 1, 2, '2022-07-23', '3528000', 1, '', 4, 'Kuningan'),
(205, 1, 2, '2022-07-24', '9180000', 1, '', 4, 'Kuningan'),
(206, 1, 2, '2022-07-25', '636000', 1, '', 4, 'Kuningan'),
(207, 1, 2, '2022-07-26', '780000', 1, '', 4, 'Kuningan'),
(208, 1, 2, '2022-07-27', '312000', 1, '', 4, 'Kuningan'),
(209, 1, 2, '2022-07-28', '2835000', 1, '', 4, 'Kuningan'),
(210, 1, 2, '2022-07-29', '390000', 1, '', 4, 'Kuningan'),
(211, 1, 2, '2022-07-30', '252000', 1, '', 4, 'Kuningan'),
(212, 1, 2, '2022-07-31', '498000', 1, '', 4, 'Kuningan'),
(213, 1, 2, '2022-08-01', '762000', 1, '', 4, 'Kuningan'),
(214, 1, 2, '2022-08-02', '420000', 1, '', 4, 'Kuningan'),
(215, 1, 2, '2022-08-03', '1314000', 1, '', 4, 'Kuningan'),
(216, 1, 2, '2022-08-04', '450000', 1, '', 4, 'Kuningan'),
(217, 1, 2, '2022-08-05', '580000', 1, '', 4, 'Kuningan'),
(218, 1, 2, '2022-08-06', '2898000', 1, '', 4, 'Kuningan'),
(219, 1, 2, '2022-08-07', '3492000', 1, '', 4, 'Kuningan'),
(220, 1, 2, '2022-08-08', '2244000', 1, '', 4, 'Kuningan'),
(221, 1, 2, '2022-08-09', '2124000', 1, '', 4, 'Kuningan'),
(222, 1, 2, '2022-08-10', '5184000', 1, '', 4, 'Kuningan'),
(223, 1, 2, '2022-08-11', '456000', 1, '', 4, 'Kuningan'),
(224, 1, 2, '2022-08-12', '432000', 1, '', 4, 'Kuningan'),
(225, 1, 2, '2022-08-13', '290000', 1, '', 4, 'Kuningan'),
(226, 1, 2, '2022-08-14', '225000', 1, '', 4, 'Kuningan'),
(227, 1, 2, '2022-08-15', '3294000', 1, '', 4, 'Kuningan'),
(228, 1, 2, '2022-08-16', '378000', 1, '', 4, 'Kuningan'),
(229, 1, 2, '2022-08-17', '414000', 1, '', 4, 'Kuningan'),
(230, 1, 2, '2022-08-18', '1872000', 1, '', 4, 'Kuningan'),
(231, 1, 2, '2022-08-19', '1764000', 1, '', 4, 'Kuningan'),
(232, 1, 2, '2022-08-20', '210000', 1, '', 4, 'Kuningan'),
(233, 1, 2, '2022-08-21', '1485000', 1, '', 4, 'Kuningan'),
(234, 1, 2, '2022-08-22', '870000', 1, '', 4, 'Kuningan'),
(235, 1, 2, '2022-08-23', '876000', 1, '', 4, 'Kuningan'),
(236, 1, 2, '2022-08-24', '2655000', 1, '', 4, 'Kuningan'),
(237, 1, 2, '2022-08-25', '1666000', 1, '', 4, 'Kuningan'),
(238, 1, 2, '2022-08-26', '1020000', 1, '', 4, 'Kuningan'),
(239, 1, 2, '2022-08-27', '495000', 1, '', 4, 'Kuningan'),
(240, 1, 2, '2022-08-28', '396000', 1, '', 4, 'Kuningan'),
(241, 1, 2, '2022-08-29', '1620000', 1, '', 4, 'Kuningan'),
(242, 1, 2, '2022-08-30', '2700000', 1, '', 4, 'Kuningan'),
(243, 1, 2, '2022-08-31', '720000', 1, '', 4, 'Kuningan'),
(244, 1, 2, '2022-09-01', '505000', 1, '', 4, 'Kuningan'),
(245, 1, 2, '2022-09-02', '756000', 1, '', 4, 'Kuningan'),
(246, 1, 2, '2022-09-03', '480000', 1, '', 4, 'Kuningan'),
(247, 1, 2, '2022-09-04', '1530000', 1, '', 4, 'Kuningan'),
(248, 1, 2, '2022-09-05', '396000', 1, '', 4, 'Kuningan'),
(249, 1, 2, '2022-09-06', '785000', 1, '', 4, 'Kuningan'),
(250, 1, 2, '2022-09-07', '615000', 1, '', 4, 'Kuningan'),
(251, 1, 2, '2022-09-08', '40000', 1, '', 4, 'Kuningan'),
(252, 1, 2, '2022-09-09', '2268000', 1, '', 4, 'Kuningan'),
(253, 1, 2, '2022-09-10', '2220000', 1, '', 4, 'Kuningan'),
(254, 1, 2, '2022-09-11', '1170000', 1, '', 4, 'Kuningan'),
(255, 1, 2, '2022-09-12', '2175000', 1, '', 4, 'Kuningan'),
(256, 1, 2, '2022-09-13', '6696000', 1, '', 4, 'Kuningan'),
(257, 1, 2, '2022-09-14', '280000', 1, '', 4, 'Kuningan'),
(258, 1, 2, '2022-09-15', '390000', 1, '', 4, 'Kuningan'),
(259, 1, 2, '2022-09-16', '900000', 1, '', 4, 'Kuningan'),
(260, 1, 2, '2022-09-17', '1020000', 1, '', 4, 'Kuningan'),
(261, 1, 2, '2022-09-18', '8532000', 1, '', 4, 'Kuningan'),
(262, 1, 2, '2022-09-19', '235000', 1, '', 4, 'Kuningan'),
(263, 1, 2, '2022-09-20', '850000', 1, '', 4, 'Kuningan'),
(264, 1, 2, '2022-09-21', '735000', 1, '', 4, 'Kuningan'),
(265, 1, 2, '2022-09-22', '3348000', 1, '', 4, 'Kuningan'),
(266, 1, 2, '2022-09-23', '4374000', 1, '', 4, 'Kuningan'),
(267, 1, 2, '2022-09-24', '4352000', 1, '', 4, 'Kuningan'),
(268, 1, 2, '2022-09-25', '4148000', 1, '', 4, 'Kuningan'),
(269, 1, 2, '2022-09-26', '4420000', 1, '', 4, 'Kuningan'),
(270, 1, 2, '2022-09-27', '630000', 1, '', 4, 'Kuningan'),
(271, 1, 2, '2022-09-28', '900000', 1, '', 4, 'Kuningan'),
(272, 1, 2, '2022-09-29', '635000', 1, '', 4, 'Kuningan'),
(273, 1, 2, '2022-09-30', '1440000', 1, '', 4, 'Kuningan'),
(274, 1, 2, '2022-10-01', '3618000', 1, '', 4, 'Kuningan'),
(275, 1, 2, '2022-10-02', '2844000', 1, '', 4, 'Kuningan'),
(276, 1, 2, '2022-10-03', '384000', 1, '', 4, 'Kuningan'),
(277, 1, 2, '2022-10-04', '780000', 1, '', 4, 'Kuningan'),
(278, 1, 2, '2022-10-05', '2856000', 1, '', 4, 'Kuningan'),
(279, 1, 2, '2022-10-06', '935000', 1, '', 4, 'Kuningan'),
(280, 1, 2, '2022-10-07', '105000', 1, '', 4, 'Kuningan'),
(281, 1, 2, '2022-10-08', '455000', 1, '', 4, 'Kuningan'),
(282, 1, 2, '2022-10-09', '2910000', 1, '', 4, 'Kuningan'),
(283, 1, 2, '2022-10-10', '900000', 1, '', 4, 'Kuningan'),
(284, 1, 2, '2022-10-11', '300000', 1, '', 4, 'Kuningan'),
(285, 1, 2, '2022-10-12', '768000', 1, '', 4, 'Kuningan'),
(286, 1, 2, '2022-10-13', '1770000', 1, '', 4, 'Kuningan'),
(287, 1, 2, '2022-10-14', '1512000', 1, '', 4, 'Kuningan'),
(288, 1, 2, '2022-10-15', '786000', 1, '', 4, 'Kuningan'),
(289, 1, 2, '2022-10-16', '272000', 1, '', 4, 'Kuningan'),
(290, 1, 2, '2022-10-17', '1350000', 1, '', 4, 'Kuningan'),
(291, 1, 2, '2022-10-18', '1530000', 1, '', 4, 'Kuningan'),
(292, 1, 2, '2022-10-19', '1110000', 1, '', 4, 'Kuningan'),
(293, 1, 2, '2022-10-20', '1326000', 1, '', 4, 'Kuningan'),
(294, 1, 2, '2022-10-21', '520000', 1, '', 4, 'Kuningan'),
(295, 1, 2, '2022-10-22', '318000', 1, '', 4, 'Kuningan'),
(296, 1, 2, '2022-10-23', '252000', 1, '', 4, 'Kuningan'),
(297, 1, 2, '2022-10-24', '380000', 1, '', 4, 'Kuningan'),
(298, 1, 2, '2022-10-25', '3096000', 1, '', 4, 'Kuningan'),
(299, 1, 2, '2022-10-26', '550000', 1, '', 4, 'Kuningan'),
(300, 1, 2, '2022-10-27', '744000', 1, '', 4, 'Kuningan'),
(301, 1, 2, '2022-10-28', '690000', 1, '', 4, 'Kuningan'),
(302, 1, 2, '2022-10-29', '3366000', 1, '', 4, 'Kuningan'),
(303, 1, 2, '2022-10-30', '980000', 1, '', 4, 'Kuningan'),
(304, 1, 2, '2022-10-31', '1062000', 1, '', 4, 'Kuningan'),
(305, 1, 2, '2022-11-01', '450000', 1, '', 4, 'Kuningan'),
(306, 1, 2, '2022-11-02', '800000', 1, '', 4, 'Kuningan'),
(307, 1, 2, '2022-11-03', '570000', 1, '', 4, 'Kuningan'),
(308, 1, 2, '2022-11-04', '144000', 1, '', 4, 'Kuningan'),
(309, 1, 2, '2022-11-05', '605000', 1, '', 4, 'Kuningan'),
(310, 1, 2, '2022-11-06', '1356000', 1, '', 4, 'Kuningan'),
(311, 1, 2, '2022-11-07', '1740000', 1, '', 4, 'Kuningan'),
(312, 1, 2, '2022-11-08', '1020000', 1, '', 4, 'Kuningan'),
(313, 1, 2, '2022-11-09', '2625000', 1, '', 4, 'Kuningan'),
(314, 1, 2, '2022-11-10', '642000', 1, '', 4, 'Kuningan'),
(315, 1, 2, '2022-11-11', '625000', 1, '', 4, 'Kuningan'),
(316, 1, 2, '2022-11-12', '695000', 1, '', 4, 'Kuningan'),
(317, 1, 2, '2022-11-13', '640000', 1, '', 4, 'Kuningan'),
(318, 1, 2, '2022-11-14', '980000', 1, '', 4, 'Kuningan'),
(319, 1, 2, '2022-11-15', '1512000', 1, '', 4, 'Kuningan'),
(320, 1, 2, '2022-11-16', '1845000', 1, '', 4, 'Kuningan'),
(321, 1, 2, '2022-11-17', '198000', 1, '', 4, 'Kuningan'),
(322, 1, 2, '2022-11-18', '945000', 1, '', 4, 'Kuningan'),
(323, 1, 2, '2022-11-19', '1038000', 1, '', 4, 'Kuningan'),
(324, 1, 2, '2022-11-20', '140000', 1, '', 4, 'Kuningan'),
(325, 1, 2, '2022-11-21', '3294000', 1, '', 4, 'Kuningan'),
(326, 1, 2, '2022-11-22', '9450000', 1, '', 4, 'Kuningan'),
(327, 1, 2, '2022-11-23', '850000', 1, '', 4, 'Kuningan'),
(328, 1, 2, '2022-11-24', '5644000', 1, '', 4, 'Kuningan'),
(329, 1, 2, '2022-11-25', '355000', 1, '', 4, 'Kuningan'),
(330, 1, 2, '2022-11-26', '485000', 1, '', 4, 'Kuningan'),
(331, 1, 2, '2022-11-27', '1332000', 1, '', 4, 'Kuningan'),
(332, 1, 2, '2022-11-28', '270000', 1, '', 4, 'Kuningan'),
(333, 1, 2, '2022-11-29', '1182000', 1, '', 4, 'Kuningan'),
(334, 1, 2, '2022-11-30', '670000', 1, '', 4, 'Kuningan'),
(335, 1, 2, '2022-12-01', '725000', 1, '', 4, 'Kuningan'),
(336, 1, 2, '2022-12-02', '1170000', 1, '', 4, 'Kuningan'),
(337, 1, 2, '2022-12-03', '1425000', 1, '', 4, 'Kuningan'),
(338, 1, 2, '2022-12-04', '765000', 1, '', 4, 'Kuningan'),
(339, 1, 2, '2022-12-05', '2358000', 1, '', 4, 'Kuningan'),
(340, 1, 2, '2022-12-06', '756000', 1, '', 4, 'Kuningan'),
(341, 1, 2, '2022-12-07', '460000', 1, '', 4, 'Kuningan'),
(342, 1, 2, '2022-12-08', '2355000', 1, '', 4, 'Kuningan'),
(343, 1, 2, '2022-12-09', '336000', 1, '', 4, 'Kuningan'),
(344, 1, 2, '2022-12-10', '1056000', 1, '', 4, 'Kuningan'),
(345, 1, 2, '2022-12-11', '732000', 1, '', 4, 'Kuningan'),
(346, 1, 2, '2022-12-12', '1032000', 1, '', 4, 'Kuningan'),
(347, 1, 2, '2022-12-13', '105000', 1, '', 4, 'Kuningan'),
(348, 1, 2, '2022-12-14', '300000', 1, '', 4, 'Kuningan'),
(349, 1, 2, '2022-12-15', '546000', 1, '', 4, 'Kuningan'),
(350, 1, 2, '2022-12-16', '10260000', 1, '', 4, 'Kuningan'),
(351, 1, 2, '2022-12-17', '4182000', 1, '', 4, 'Kuningan'),
(352, 1, 2, '2022-12-18', '205000', 1, '', 4, 'Kuningan'),
(353, 1, 2, '2022-12-19', '2484000', 1, '', 4, 'Kuningan'),
(354, 1, 2, '2022-12-20', '1080000', 1, '', 4, 'Kuningan'),
(355, 1, 2, '2022-12-21', '45000', 1, '', 4, 'Kuningan'),
(356, 1, 2, '2022-12-22', '4914000', 1, '', 4, 'Kuningan'),
(357, 1, 2, '2022-12-23', '855000', 1, '', 4, 'Kuningan'),
(358, 1, 2, '2022-12-24', '930000', 1, '', 4, 'Kuningan'),
(359, 1, 2, '2022-12-25', '390000', 1, '', 4, 'Kuningan'),
(360, 1, 2, '2022-12-26', '630000', 1, '', 4, 'Kuningan'),
(361, 1, 2, '2022-12-27', '585000', 1, '', 4, 'Kuningan'),
(362, 1, 2, '2022-12-28', '1080000', 1, '', 4, 'Kuningan'),
(363, 1, 2, '2022-12-29', '2295000', 1, '', 4, 'Kuningan'),
(364, 1, 2, '2022-12-30', '235000', 1, '', 4, 'Kuningan'),
(365, 1, 2, '2022-12-31', '870000', 1, '', 4, 'Kuningan'),
(366, 1, 2, '2023-01-01', '1032000', 1, '', 4, 'Kuningan'),
(367, 1, 2, '2023-01-02', '875000', 1, '', 4, 'Kuningan'),
(368, 1, 2, '2023-01-03', '492000', 1, '', 4, 'Kuningan'),
(369, 1, 2, '2023-01-04', '2925000', 1, '', 4, 'Kuningan'),
(370, 1, 2, '2023-01-05', '2176000', 1, '', 4, 'Kuningan'),
(371, 1, 2, '2023-01-06', '810000', 1, '', 4, 'Kuningan'),
(372, 1, 2, '2023-01-07', '1836000', 1, '', 4, 'Kuningan'),
(373, 1, 2, '2023-01-08', '1335000', 1, '', 4, 'Kuningan'),
(374, 1, 2, '2023-01-09', '528000', 1, '', 4, 'Kuningan'),
(375, 1, 2, '2023-01-10', '335000', 1, '', 4, 'Kuningan'),
(376, 1, 2, '2023-01-11', '2958000', 1, '', 4, 'Kuningan'),
(377, 1, 2, '2023-01-12', '510000', 1, '', 4, 'Kuningan'),
(378, 1, 2, '2023-01-13', '1620000', 1, '', 4, 'Kuningan'),
(379, 1, 2, '2023-01-14', '1768000', 1, '', 4, 'Kuningan'),
(380, 1, 2, '2023-01-15', '150000', 1, '', 4, 'Kuningan'),
(381, 1, 2, '2023-01-16', '605000', 1, '', 4, 'Kuningan'),
(382, 1, 2, '2023-01-17', '600000', 1, '', 4, 'Kuningan'),
(383, 1, 2, '2023-01-18', '540000', 1, '', 4, 'Kuningan'),
(384, 1, 2, '2023-01-19', '100000', 1, '', 4, 'Kuningan'),
(385, 1, 2, '2023-01-20', '1134000', 1, '', 4, 'Kuningan'),
(386, 1, 2, '2023-01-21', '144000', 1, '', 4, 'Kuningan'),
(387, 1, 2, '2023-01-22', '1242000', 1, '', 4, 'Kuningan'),
(388, 1, 2, '2023-01-23', '2055000', 1, '', 4, 'Kuningan'),
(389, 1, 2, '2023-01-24', '995000', 1, '', 4, 'Kuningan'),
(390, 1, 2, '2023-01-25', '240000', 1, '', 4, 'Kuningan'),
(391, 1, 2, '2023-01-26', '900000', 1, '', 4, 'Kuningan'),
(392, 1, 2, '2023-01-27', '1860000', 1, '', 4, 'Kuningan'),
(393, 1, 2, '2023-01-28', '1054000', 1, '', 4, 'Kuningan'),
(394, 1, 2, '2023-01-29', '515000', 1, '', 4, 'Kuningan'),
(395, 1, 2, '2023-01-30', '695000', 1, '', 4, 'Kuningan'),
(396, 1, 2, '2023-01-31', '1092000', 1, '', 4, 'Kuningan'),
(397, 1, 2, '2023-02-01', '210000', 1, '', 4, 'Kuningan'),
(398, 1, 2, '2023-02-02', '555000', 1, '', 4, 'Kuningan'),
(399, 1, 2, '2023-02-03', '3196000', 1, '', 4, 'Kuningan'),
(400, 1, 2, '2023-02-04', '550000', 1, '', 4, 'Kuningan'),
(401, 1, 2, '2023-02-05', '2280000', 1, '', 4, 'Kuningan'),
(402, 1, 2, '2023-02-06', '576000', 1, '', 4, 'Kuningan'),
(403, 1, 2, '2023-02-07', '175000', 1, '', 4, 'Kuningan'),
(404, 1, 2, '2023-02-08', '3510000', 1, '', 4, 'Kuningan'),
(405, 1, 2, '2023-02-09', '270000', 1, '', 4, 'Kuningan'),
(406, 1, 2, '2023-02-10', '1296000', 1, '', 4, 'Kuningan'),
(407, 1, 2, '2023-02-11', '540000', 1, '', 4, 'Kuningan'),
(408, 1, 2, '2023-02-12', '25000', 1, '', 4, 'Kuningan'),
(409, 1, 2, '2023-02-13', '6800000', 1, '', 4, 'Kuningan'),
(410, 1, 2, '2023-02-14', '702000', 1, '', 4, 'Kuningan'),
(411, 1, 2, '2023-02-15', '860000', 1, '', 4, 'Kuningan'),
(412, 1, 2, '2023-02-16', '462000', 1, '', 4, 'Kuningan'),
(413, 1, 2, '2023-02-17', '105000', 1, '', 4, 'Kuningan'),
(414, 1, 2, '2023-02-18', '1062000', 1, '', 4, 'Kuningan'),
(415, 1, 2, '2023-02-19', '270000', 1, '', 4, 'Kuningan'),
(416, 1, 2, '2023-02-20', '300000', 1, '', 4, 'Kuningan'),
(417, 1, 2, '2023-02-21', '300000', 1, '', 4, 'Kuningan'),
(418, 1, 2, '2023-02-22', '1026000', 1, '', 4, 'Kuningan'),
(419, 1, 2, '2023-02-23', '96000', 1, '', 4, 'Kuningan'),
(420, 1, 2, '2023-02-24', '1230000', 1, '', 4, 'Kuningan'),
(421, 1, 2, '2023-02-25', '355000', 1, '', 4, 'Kuningan'),
(422, 1, 2, '2023-02-26', '2136000', 1, '', 4, 'Kuningan'),
(423, 1, 2, '2023-02-27', '756000', 1, '', 4, 'Kuningan'),
(424, 1, 2, '2023-02-28', '390000', 1, '', 4, 'Kuningan'),
(425, 1, 2, '2023-03-01', '576000', 1, '', 4, 'Kuningan'),
(426, 1, 2, '2023-03-02', '2958000', 1, '', 4, 'Kuningan'),
(427, 1, 2, '2023-03-03', '1776000', 1, '', 4, 'Kuningan'),
(428, 1, 2, '2023-03-04', '228000', 1, '', 4, 'Kuningan'),
(429, 1, 2, '2023-03-05', '605000', 1, '', 4, 'Kuningan'),
(430, 1, 2, '2023-03-06', '550000', 1, '', 4, 'Kuningan'),
(431, 1, 2, '2023-03-07', '260000', 1, '', 4, 'Kuningan'),
(432, 1, 2, '2023-03-08', '1572000', 1, '', 4, 'Kuningan'),
(433, 1, 2, '2023-03-09', '2538000', 1, '', 4, 'Kuningan'),
(434, 1, 2, '2023-03-10', '155000', 1, '', 4, 'Kuningan'),
(435, 1, 2, '2023-03-11', '1530000', 1, '', 4, 'Kuningan'),
(436, 1, 2, '2023-03-12', '885000', 1, '', 4, 'Kuningan'),
(437, 1, 2, '2023-03-13', '425000', 1, '', 4, 'Kuningan'),
(438, 1, 2, '2023-03-14', '390000', 1, '', 4, 'Kuningan'),
(439, 1, 2, '2023-03-15', '365000', 1, '', 4, 'Kuningan'),
(440, 1, 2, '2023-03-16', '1170000', 1, '', 4, 'Kuningan'),
(441, 1, 2, '2023-03-17', '3384000', 1, '', 4, 'Kuningan'),
(442, 1, 2, '2023-03-18', '200000', 1, '', 4, 'Kuningan'),
(443, 1, 2, '2023-03-19', '70000', 1, '', 4, 'Kuningan'),
(444, 1, 2, '2023-03-20', '884000', 1, '', 4, 'Kuningan'),
(445, 1, 2, '2023-03-21', '4182000', 1, '', 4, 'Kuningan'),
(446, 1, 2, '2023-03-22', '5984000', 1, '', 4, 'Kuningan'),
(447, 1, 2, '2023-03-23', '486000', 1, '', 4, 'Kuningan'),
(448, 1, 2, '2023-03-24', '3186000', 1, '', 4, 'Kuningan'),
(449, 1, 2, '2023-03-25', '414000', 1, '', 4, 'Kuningan'),
(450, 1, 2, '2023-03-26', '156000', 1, '', 4, 'Kuningan'),
(451, 1, 2, '2023-03-27', '576000', 1, '', 4, 'Kuningan'),
(452, 1, 2, '2023-03-28', '288000', 1, '', 4, 'Kuningan'),
(453, 1, 2, '2023-03-29', '144000', 1, '', 4, 'Kuningan'),
(454, 1, 2, '2023-03-30', '1980000', 1, '', 4, 'Kuningan'),
(455, 1, 2, '2023-03-31', '1740000', 1, '', 4, 'Kuningan'),
(456, 1, 2, '2023-04-01', '414000', 1, '', 4, 'Kuningan'),
(457, 1, 2, '2023-04-02', '5670000', 1, '', 4, 'Kuningan'),
(458, 1, 2, '2023-04-03', '780000', 1, '', 4, 'Kuningan'),
(459, 1, 2, '2023-04-04', '1440000', 1, '', 4, 'Kuningan'),
(460, 1, 2, '2023-04-05', '325000', 1, '', 4, 'Kuningan'),
(461, 1, 2, '2023-04-06', '1440000', 1, '', 4, 'Kuningan'),
(462, 1, 2, '2023-04-07', '888000', 1, '', 4, 'Kuningan'),
(463, 1, 2, '2023-04-08', '54000', 1, '', 4, 'Kuningan'),
(464, 1, 2, '2023-04-09', '1725000', 1, '', 4, 'Kuningan'),
(465, 1, 2, '2023-04-10', '408000', 1, '', 4, 'Kuningan'),
(466, 1, 2, '2023-04-11', '8910000', 1, '', 4, 'Kuningan'),
(467, 1, 2, '2023-04-12', '415000', 1, '', 4, 'Kuningan'),
(468, 1, 2, '2023-04-13', '195000', 1, '', 4, 'Kuningan'),
(469, 1, 2, '2023-04-14', '1014000', 1, '', 4, 'Kuningan'),
(470, 1, 2, '2023-04-15', '730000', 1, '', 4, 'Kuningan'),
(471, 1, 2, '2023-04-16', '2805000', 1, '', 4, 'Kuningan'),
(472, 1, 2, '2023-04-17', '990000', 1, '', 4, 'Kuningan'),
(473, 1, 2, '2023-04-18', '6804000', 1, '', 4, 'Kuningan'),
(474, 1, 2, '2023-04-19', '66000', 1, '', 4, 'Kuningan'),
(475, 1, 2, '2023-04-20', '800000', 1, '', 4, 'Kuningan'),
(476, 1, 2, '2023-04-21', '1830000', 1, '', 4, 'Kuningan'),
(477, 1, 2, '2023-04-22', '3780000', 1, '', 4, 'Kuningan'),
(478, 1, 2, '2023-04-23', '525000', 1, '', 4, 'Kuningan'),
(479, 1, 2, '2023-04-24', '3942000', 1, '', 4, 'Kuningan'),
(480, 1, 2, '2023-04-25', '850000', 1, '', 4, 'Kuningan'),
(481, 1, 2, '2023-04-26', '5168000', 1, '', 4, 'Kuningan'),
(482, 1, 2, '2023-04-27', '1296000', 1, '', 4, 'Kuningan'),
(483, 1, 2, '2023-04-28', '910000', 1, '', 4, 'Kuningan'),
(484, 1, 2, '2023-04-29', '730000', 1, '', 4, 'Kuningan'),
(485, 1, 2, '2023-04-30', '140000', 1, '', 4, 'Kuningan'),
(486, 1, 2, '2023-05-01', '498000', 1, '', 4, 'Kuningan'),
(487, 1, 2, '2023-05-02', '585000', 1, '', 4, 'Kuningan'),
(488, 1, 2, '2023-05-03', '374000', 1, '', 4, 'Kuningan'),
(489, 1, 2, '2023-05-04', '7452000', 1, '', 4, 'Kuningan'),
(490, 1, 2, '2023-05-05', '5746000', 1, '', 4, 'Kuningan'),
(491, 1, 2, '2023-05-06', '990000', 1, '', 4, 'Kuningan'),
(492, 1, 2, '2023-05-07', '50000', 1, '', 4, 'Kuningan'),
(493, 1, 2, '2023-05-08', '6102000', 1, '', 4, 'Kuningan'),
(494, 1, 2, '2023-05-09', '594000', 1, '', 4, 'Kuningan'),
(495, 1, 2, '2023-05-10', '306000', 1, '', 4, 'Kuningan'),
(496, 1, 2, '2023-05-11', '2505000', 1, '', 4, 'Kuningan'),
(497, 1, 2, '2023-05-12', '345000', 1, '', 4, 'Kuningan'),
(498, 1, 2, '2023-05-13', '1044000', 1, '', 4, 'Kuningan'),
(499, 1, 2, '2023-05-14', '1395000', 1, '', 4, 'Kuningan'),
(500, 1, 2, '2023-05-15', '490000', 1, '', 4, 'Kuningan'),
(501, 1, 2, '2023-05-16', '1080000', 1, '', 4, 'Kuningan'),
(502, 1, 2, '2023-05-17', '7884000', 1, '', 4, 'Kuningan'),
(503, 1, 2, '2023-05-18', '905000', 1, '', 4, 'Kuningan'),
(504, 1, 2, '2023-05-19', '725000', 1, '', 4, 'Kuningan'),
(505, 1, 2, '2023-05-20', '2895000', 1, '', 4, 'Kuningan'),
(506, 1, 2, '2023-05-21', '54000', 1, '', 4, 'Kuningan'),
(507, 1, 2, '2023-05-22', '6264000', 1, '', 4, 'Kuningan'),
(508, 1, 2, '2023-05-23', '7020000', 1, '', 4, 'Kuningan'),
(509, 1, 2, '2023-05-24', '170000', 1, '', 4, 'Kuningan'),
(510, 1, 2, '2023-05-25', '1965000', 1, '', 4, 'Kuningan'),
(511, 1, 2, '2023-05-26', '442000', 1, '', 4, 'Kuningan'),
(512, 1, 2, '2023-05-27', '1092000', 1, '', 4, 'Kuningan'),
(513, 1, 2, '2023-05-28', '372000', 1, '', 4, 'Kuningan'),
(514, 1, 2, '2023-05-29', '1575000', 1, '', 4, 'Kuningan'),
(515, 1, 2, '2023-05-30', '905000', 1, '', 4, 'Kuningan'),
(516, 1, 2, '2023-05-31', '7560000', 1, '', 4, 'Kuningan'),
(517, 1, 2, '2023-06-01', '975000', 1, '', 4, 'Kuningan'),
(518, 1, 2, '2023-06-02', '2130000', 1, '', 4, 'Kuningan'),
(519, 1, 2, '2023-06-03', '655000', 1, '', 4, 'Kuningan'),
(520, 1, 2, '2023-06-04', '980000', 1, '', 4, 'Kuningan'),
(521, 1, 2, '2023-06-05', '995000', 1, '', 4, 'Kuningan'),
(522, 1, 2, '2023-06-06', '680000', 1, '', 4, 'Kuningan'),
(523, 1, 2, '2023-06-07', '540000', 1, '', 4, 'Kuningan'),
(524, 1, 2, '2023-06-08', '3186000', 1, '', 4, 'Kuningan'),
(525, 1, 2, '2023-06-09', '4806000', 1, '', 4, 'Kuningan'),
(526, 1, 2, '2023-06-10', '756000', 1, '', 4, 'Kuningan'),
(527, 1, 2, '2023-06-11', '680000', 1, '', 4, 'Kuningan'),
(528, 1, 2, '2023-06-12', '306000', 1, '', 4, 'Kuningan'),
(529, 1, 2, '2023-06-13', '6324000', 1, '', 4, 'Kuningan'),
(530, 1, 2, '2023-06-14', '9450000', 1, '', 4, 'Kuningan'),
(531, 1, 2, '2023-06-15', '2430000', 1, '', 4, 'Kuningan'),
(532, 1, 2, '2023-06-16', '7992000', 1, '', 4, 'Kuningan'),
(533, 1, 2, '2023-06-17', '18000', 1, '', 4, 'Kuningan'),
(534, 1, 2, '2023-06-18', '1044000', 1, '', 4, 'Kuningan'),
(535, 1, 2, '2023-06-19', '775000', 1, '', 4, 'Kuningan'),
(536, 1, 2, '2023-06-20', '7236000', 1, '', 4, 'Kuningan'),
(537, 1, 2, '2023-06-21', '7398000', 1, '', 4, 'Kuningan'),
(538, 1, 2, '2023-06-22', '360000', 1, '', 4, 'Kuningan'),
(539, 1, 2, '2023-06-23', '2466000', 1, '', 4, 'Kuningan'),
(540, 1, 2, '2023-06-24', '120000', 1, '', 4, 'Kuningan'),
(541, 1, 2, '2023-06-25', '510000', 1, '', 4, 'Kuningan'),
(542, 1, 2, '2023-06-26', '2925000', 1, '', 4, 'Kuningan'),
(543, 1, 2, '2023-06-27', '374000', 1, '', 4, 'Kuningan'),
(544, 1, 2, '2023-06-28', '875000', 1, '', 4, 'Kuningan'),
(545, 1, 2, '2023-06-29', '95000', 1, '', 4, 'Kuningan'),
(546, 1, 2, '2023-06-30', '1088000', 1, '', 4, 'Kuningan'),
(547, 1, 2, '2023-07-01', '408000', 1, '', 4, 'Kuningan'),
(548, 1, 2, '2023-07-02', '630000', 1, '', 4, 'Kuningan'),
(549, 1, 2, '2023-07-03', '2304000', 1, '', 4, 'Kuningan'),
(550, 1, 2, '2023-07-04', '1326000', 1, '', 4, 'Kuningan'),
(551, 1, 2, '2023-07-05', '1728000', 1, '', 4, 'Kuningan'),
(552, 1, 2, '2023-07-06', '660000', 1, '', 4, 'Kuningan'),
(553, 1, 2, '2023-07-07', '1152000', 1, '', 4, 'Kuningan'),
(554, 1, 2, '2023-07-08', '852000', 1, '', 4, 'Kuningan'),
(555, 1, 2, '2023-07-09', '3060000', 1, '', 4, 'Kuningan'),
(556, 1, 2, '2023-07-10', '3006000', 1, '', 4, 'Kuningan'),
(557, 1, 2, '2023-07-11', '2664000', 1, '', 4, 'Kuningan'),
(558, 1, 2, '2023-07-12', '2640000', 1, '', 4, 'Kuningan'),
(559, 1, 2, '2023-07-13', '24000', 1, '', 4, 'Kuningan'),
(560, 1, 2, '2023-07-14', '860000', 1, '', 4, 'Kuningan'),
(561, 1, 2, '2023-07-15', '750000', 1, '', 4, 'Kuningan'),
(562, 1, 2, '2023-07-16', '1002000', 1, '', 4, 'Kuningan'),
(563, 1, 2, '2023-07-17', '285000', 1, '', 4, 'Kuningan'),
(564, 1, 2, '2023-07-18', '975000', 1, '', 4, 'Kuningan'),
(565, 1, 2, '2023-07-19', '2052000', 1, '', 4, 'Kuningan'),
(566, 1, 2, '2023-07-20', '864000', 1, '', 4, 'Kuningan'),
(567, 1, 2, '2023-07-21', '4050000', 1, '', 4, 'Kuningan'),
(568, 1, 2, '2023-07-22', '174000', 1, '', 4, 'Kuningan'),
(569, 1, 2, '2023-07-23', '1998000', 1, '', 4, 'Kuningan'),
(570, 1, 2, '2023-07-24', '630000', 1, '', 4, 'Kuningan'),
(571, 1, 2, '2023-07-25', '570000', 1, '', 4, 'Kuningan'),
(572, 1, 2, '2023-07-26', '528000', 1, '', 4, 'Kuningan'),
(573, 1, 2, '2023-07-27', '630000', 1, '', 4, 'Kuningan'),
(574, 1, 2, '2023-07-28', '4536000', 1, '', 4, 'Kuningan'),
(575, 1, 2, '2023-07-29', '435000', 1, '', 4, 'Kuningan'),
(576, 1, 2, '2023-07-30', '2055000', 1, '', 4, 'Kuningan'),
(577, 1, 2, '2023-07-31', '1455000', 1, '', 4, 'Kuningan'),
(578, 1, 2, '2023-08-01', '4012000', 1, '', 4, 'Kuningan'),
(579, 1, 2, '2023-08-02', '630000', 1, '', 4, 'Kuningan'),
(580, 1, 2, '2023-08-03', '685000', 1, '', 4, 'Kuningan'),
(581, 1, 2, '2023-08-04', '234000', 1, '', 4, 'Kuningan'),
(582, 1, 2, '2023-08-05', '425000', 1, '', 4, 'Kuningan'),
(583, 1, 2, '2023-08-06', '3150000', 1, '', 4, 'Kuningan'),
(584, 1, 2, '2023-08-07', '695000', 1, '', 4, 'Kuningan'),
(585, 1, 2, '2023-08-08', '290000', 1, '', 4, 'Kuningan'),
(586, 1, 2, '2023-08-09', '648000', 1, '', 4, 'Kuningan'),
(587, 1, 2, '2023-08-10', '174000', 1, '', 4, 'Kuningan'),
(588, 1, 2, '2023-08-11', '140000', 1, '', 4, 'Kuningan'),
(589, 1, 2, '2023-08-12', '1560000', 1, '', 4, 'Kuningan'),
(590, 1, 2, '2023-08-13', '1428000', 1, '', 4, 'Kuningan'),
(591, 1, 2, '2023-08-14', '2790000', 1, '', 4, 'Kuningan'),
(592, 1, 2, '2023-08-15', '565000', 1, '', 4, 'Kuningan'),
(593, 1, 2, '2023-08-16', '2280000', 1, '', 4, 'Kuningan'),
(594, 1, 2, '2023-08-17', '912000', 1, '', 4, 'Kuningan'),
(595, 1, 2, '2023-08-18', '336000', 1, '', 4, 'Kuningan'),
(596, 1, 2, '2023-08-19', '2006000', 1, '', 4, 'Kuningan'),
(597, 1, 2, '2023-08-20', '2788000', 1, '', 4, 'Kuningan'),
(598, 1, 2, '2023-08-21', '2006000', 1, '', 4, 'Kuningan'),
(599, 1, 2, '2023-08-22', '240000', 1, '', 4, 'Kuningan'),
(600, 1, 2, '2023-08-23', '2040000', 1, '', 4, 'Kuningan'),
(601, 1, 2, '2023-08-24', '410000', 1, '', 4, 'Kuningan'),
(602, 1, 2, '2023-08-25', '8532000', 1, '', 4, 'Kuningan'),
(603, 1, 2, '2023-08-26', '90000', 1, '', 4, 'Kuningan'),
(604, 1, 2, '2023-08-27', '140000', 1, '', 4, 'Kuningan'),
(605, 1, 2, '2023-08-28', '432000', 1, '', 4, 'Kuningan'),
(606, 1, 2, '2023-08-29', '425000', 1, '', 4, 'Kuningan'),
(607, 1, 2, '2023-08-30', '1170000', 1, '', 4, 'Kuningan'),
(608, 1, 2, '2023-08-31', '385000', 1, '', 4, 'Kuningan'),
(609, 1, 2, '2023-09-01', '195000', 1, '', 4, 'Kuningan'),
(610, 1, 2, '2023-09-02', '612000', 1, '', 4, 'Kuningan'),
(611, 1, 2, '2023-09-03', '222000', 1, '', 4, 'Kuningan'),
(612, 1, 2, '2023-09-04', '2754000', 1, '', 4, 'Kuningan'),
(613, 1, 2, '2023-09-05', '2910000', 1, '', 4, 'Kuningan'),
(614, 1, 2, '2023-09-06', '468000', 1, '', 4, 'Kuningan'),
(615, 1, 2, '2023-09-07', '735000', 1, '', 4, 'Kuningan'),
(616, 1, 2, '2023-09-08', '2538000', 1, '', 4, 'Kuningan'),
(617, 1, 2, '2023-09-09', '470000', 1, '', 4, 'Kuningan'),
(618, 1, 2, '2023-09-10', '105000', 1, '', 4, 'Kuningan'),
(619, 1, 2, '2023-09-11', '24000', 1, '', 4, 'Kuningan'),
(620, 1, 2, '2023-09-12', '816000', 1, '', 4, 'Kuningan'),
(621, 1, 2, '2023-09-13', '3600000', 1, '', 4, 'Kuningan');

-- --------------------------------------------------------

--
-- Table structure for table `po_dbarang`
--

CREATE TABLE `po_dbarang` (
  `id_po_dbar` int(11) NOT NULL,
  `id_po_bar` int(11) NOT NULL,
  `id_jenis` int(11) NOT NULL,
  `qty` int(11) NOT NULL
) ENGINE=InnoDB DEFAULT CHARSET=latin1;

-- --------------------------------------------------------

--
-- Table structure for table `po_dbb`
--

CREATE TABLE `po_dbb` (
  `id_po_dbb` int(11) NOT NULL,
  `id_po_bb` int(11) NOT NULL,
  `id_jenis` int(11) NOT NULL,
  `qty` int(11) NOT NULL
) ENGINE=InnoDB DEFAULT CHARSET=latin1;

--
-- Dumping data for table `po_dbb`
--

INSERT INTO `po_dbb` (`id_po_dbb`, `id_po_bb`, `id_jenis`, `qty`) VALUES
(1, 1, 4, 55),
(2, 2, 9, 91),
(3, 3, 4, 197),
(4, 4, 2, 134),
(5, 5, 9, 3),
(6, 6, 10, 177),
(7, 7, 11, 131),
(8, 8, 4, 96),
(9, 9, 3, 42),
(10, 10, 6, 172),
(11, 11, 4, 148),
(12, 12, 2, 117),
(13, 13, 1, 192),
(14, 14, 9, 156),
(15, 15, 7, 97),
(16, 16, 9, 145),
(17, 17, 4, 59),
(18, 18, 3, 163),
(19, 19, 7, 44),
(20, 20, 8, 105),
(21, 21, 11, 159),
(22, 22, 2, 1),
(23, 23, 1, 34),
(24, 24, 6, 103),
(25, 25, 9, 11),
(26, 26, 9, 62),
(27, 27, 6, 51),
(28, 28, 10, 51),
(29, 29, 4, 198),
(30, 30, 8, 198),
(31, 31, 11, 23),
(32, 32, 3, 56),
(33, 33, 5, 65),
(34, 34, 3, 32),
(35, 35, 10, 161),
(36, 36, 5, 154),
(37, 37, 7, 134),
(38, 38, 8, 81),
(39, 39, 8, 81),
(40, 40, 2, 57),
(41, 41, 4, 149),
(42, 42, 10, 62),
(43, 43, 1, 189),
(44, 44, 3, 157),
(45, 45, 7, 18),
(46, 46, 9, 200),
(47, 47, 4, 49),
(48, 48, 5, 121),
(49, 49, 10, 118),
(50, 50, 6, 175),
(51, 51, 9, 5),
(52, 52, 11, 159),
(53, 53, 5, 122),
(54, 54, 2, 52),
(55, 55, 5, 54),
(56, 56, 1, 151),
(57, 57, 7, 106),
(58, 58, 4, 55),
(59, 59, 2, 62),
(60, 60, 4, 126),
(61, 61, 9, 69),
(62, 62, 4, 162),
(63, 63, 4, 110),
(64, 64, 5, 101),
(65, 65, 11, 51),
(66, 66, 4, 171),
(67, 67, 10, 185),
(68, 68, 9, 124),
(69, 69, 3, 132),
(70, 70, 2, 111),
(71, 71, 6, 122),
(72, 72, 2, 8),
(73, 73, 5, 134),
(74, 74, 9, 135),
(75, 75, 11, 198),
(76, 76, 6, 175),
(77, 77, 10, 93),
(78, 78, 4, 5),
(79, 79, 7, 22),
(80, 80, 9, 164),
(81, 81, 8, 81),
(82, 82, 4, 150),
(83, 83, 2, 175),
(84, 84, 11, 120),
(85, 85, 8, 84),
(86, 86, 7, 97),
(87, 87, 11, 44),
(88, 88, 3, 109),
(89, 89, 7, 192),
(90, 90, 7, 62),
(91, 91, 7, 100),
(92, 92, 2, 184),
(93, 93, 2, 145),
(94, 94, 5, 64),
(95, 95, 9, 198),
(96, 96, 8, 171),
(97, 97, 1, 117),
(98, 98, 5, 55),
(99, 99, 5, 13),
(100, 100, 4, 73),
(101, 101, 8, 65),
(102, 102, 6, 2),
(103, 103, 2, 125),
(104, 104, 2, 152),
(105, 105, 5, 164),
(106, 106, 8, 16),
(107, 107, 8, 107),
(108, 108, 6, 19),
(109, 109, 1, 178),
(110, 110, 8, 129),
(111, 111, 3, 34),
(112, 112, 9, 106),
(113, 113, 6, 145),
(114, 114, 5, 5),
(115, 115, 9, 10),
(116, 116, 10, 37),
(117, 117, 8, 11),
(118, 118, 7, 44),
(119, 119, 8, 61),
(120, 120, 2, 69),
(121, 121, 9, 175),
(122, 122, 7, 55),
(123, 123, 6, 197),
(124, 124, 9, 165),
(125, 125, 1, 129),
(126, 126, 3, 95),
(127, 127, 4, 29),
(128, 128, 11, 137),
(129, 129, 4, 122),
(130, 130, 10, 72),
(131, 131, 8, 111),
(132, 132, 2, 21),
(133, 133, 1, 186),
(134, 134, 1, 159),
(135, 135, 8, 199),
(136, 136, 4, 137),
(137, 137, 2, 149),
(138, 138, 3, 50),
(139, 139, 4, 65),
(140, 140, 8, 164),
(141, 141, 7, 36),
(142, 142, 2, 92),
(143, 143, 9, 96),
(144, 144, 2, 107),
(145, 145, 5, 166),
(146, 146, 8, 5),
(147, 147, 7, 6),
(148, 148, 3, 133),
(149, 149, 7, 110),
(150, 150, 8, 46),
(151, 151, 9, 76),
(152, 152, 11, 102),
(153, 153, 10, 63),
(154, 154, 10, 40),
(155, 155, 10, 43),
(156, 156, 8, 71),
(157, 157, 6, 168),
(158, 158, 1, 156),
(159, 159, 11, 15),
(160, 160, 8, 188),
(161, 161, 7, 160),
(162, 162, 1, 60),
(163, 163, 1, 4),
(164, 164, 1, 126),
(165, 165, 3, 62),
(166, 166, 1, 19),
(167, 167, 11, 65),
(168, 168, 7, 2),
(169, 169, 7, 176),
(170, 170, 10, 49),
(171, 171, 6, 134),
(172, 172, 6, 48),
(173, 173, 2, 8),
(174, 174, 10, 169),
(175, 175, 2, 112),
(176, 176, 3, 7),
(177, 177, 7, 46),
(178, 178, 9, 153),
(179, 179, 7, 51),
(180, 180, 4, 168),
(181, 181, 10, 10),
(182, 182, 1, 14),
(183, 183, 8, 188),
(184, 184, 9, 54),
(185, 185, 7, 45),
(186, 186, 4, 191),
(187, 187, 1, 91),
(188, 188, 2, 152),
(189, 189, 7, 147),
(190, 190, 4, 81),
(191, 191, 6, 164),
(192, 192, 6, 38),
(193, 193, 10, 38),
(194, 194, 10, 131),
(195, 195, 2, 20),
(196, 196, 6, 163),
(197, 197, 3, 102),
(198, 198, 7, 189),
(199, 199, 9, 108),
(200, 200, 5, 87),
(201, 201, 11, 166),
(202, 202, 3, 48),
(203, 203, 9, 156),
(204, 204, 7, 196),
(205, 205, 1, 170),
(206, 206, 4, 106),
(207, 207, 3, 156),
(208, 208, 8, 26),
(209, 209, 6, 189),
(210, 210, 6, 26),
(211, 211, 4, 42),
(212, 212, 4, 83),
(213, 213, 4, 127),
(214, 214, 4, 70),
(215, 215, 7, 73),
(216, 216, 3, 90),
(217, 217, 10, 116),
(218, 218, 7, 161),
(219, 219, 7, 194),
(220, 220, 8, 187),
(221, 221, 8, 177),
(222, 222, 1, 96),
(223, 223, 11, 76),
(224, 224, 4, 72),
(225, 225, 10, 58),
(226, 226, 2, 15),
(227, 227, 7, 183),
(228, 228, 1, 7),
(229, 229, 11, 69),
(230, 230, 8, 156),
(231, 231, 7, 98),
(232, 232, 11, 35),
(233, 233, 2, 99),
(234, 234, 9, 174),
(235, 235, 11, 146),
(236, 236, 2, 177),
(237, 237, 5, 49),
(238, 238, 6, 68),
(239, 239, 10, 99),
(240, 240, 7, 22),
(241, 241, 1, 30),
(242, 242, 7, 150),
(243, 243, 9, 144),
(244, 244, 10, 101),
(245, 245, 11, 126),
(246, 246, 8, 40),
(247, 247, 5, 45),
(248, 248, 8, 33),
(249, 249, 3, 157),
(250, 250, 6, 41),
(251, 251, 10, 8),
(252, 252, 8, 189),
(253, 253, 2, 148),
(254, 254, 11, 195),
(255, 255, 2, 145),
(256, 256, 1, 124),
(257, 257, 3, 56),
(258, 258, 10, 78),
(259, 259, 11, 150),
(260, 260, 8, 85),
(261, 261, 1, 158),
(262, 262, 3, 47),
(263, 263, 3, 170),
(264, 264, 3, 147),
(265, 265, 1, 62),
(266, 266, 1, 81),
(267, 267, 5, 128),
(268, 268, 5, 122),
(269, 269, 5, 130),
(270, 270, 7, 35),
(271, 271, 9, 180),
(272, 272, 3, 127),
(273, 273, 6, 96),
(274, 274, 1, 67),
(275, 275, 7, 158),
(276, 276, 11, 64),
(277, 277, 8, 65),
(278, 278, 5, 84),
(279, 279, 9, 187),
(280, 280, 3, 21),
(281, 281, 10, 91),
(282, 282, 6, 194),
(283, 283, 10, 180),
(284, 284, 11, 50),
(285, 285, 8, 64),
(286, 286, 2, 118),
(287, 287, 7, 84),
(288, 288, 4, 131),
(289, 289, 5, 8),
(290, 290, 2, 90),
(291, 291, 6, 102),
(292, 292, 2, 74),
(293, 293, 5, 39),
(294, 294, 3, 104),
(295, 295, 4, 53),
(296, 296, 11, 42),
(297, 297, 10, 76),
(298, 298, 7, 172),
(299, 299, 10, 110),
(300, 300, 4, 124),
(301, 301, 9, 138),
(302, 302, 7, 187),
(303, 303, 9, 196),
(304, 304, 7, 59),
(305, 305, 7, 25),
(306, 306, 3, 160),
(307, 307, 4, 95),
(308, 308, 8, 12),
(309, 309, 10, 121),
(310, 310, 8, 113),
(311, 311, 8, 145),
(312, 312, 2, 68),
(313, 313, 2, 175),
(314, 314, 4, 107),
(315, 315, 10, 125),
(316, 316, 10, 139),
(317, 317, 10, 128),
(318, 318, 9, 196),
(319, 319, 7, 84),
(320, 320, 6, 123),
(321, 321, 7, 11),
(322, 322, 9, 189),
(323, 323, 4, 173),
(324, 324, 10, 28),
(325, 325, 1, 61),
(326, 326, 1, 175),
(327, 327, 5, 25),
(328, 328, 5, 166),
(329, 329, 9, 71),
(330, 330, 10, 97),
(331, 331, 8, 111),
(332, 332, 3, 54),
(333, 333, 11, 197),
(334, 334, 9, 134),
(335, 335, 10, 145),
(336, 336, 7, 65),
(337, 337, 2, 95),
(338, 338, 3, 153),
(339, 339, 7, 131),
(340, 340, 8, 63),
(341, 341, 9, 92),
(342, 342, 2, 157),
(343, 343, 8, 28),
(344, 344, 4, 176),
(345, 345, 8, 61),
(346, 346, 8, 86),
(347, 347, 6, 7),
(348, 348, 11, 50),
(349, 349, 4, 91),
(350, 350, 1, 190),
(351, 351, 5, 123),
(352, 352, 10, 41),
(353, 353, 1, 46),
(354, 354, 11, 180),
(355, 355, 9, 9),
(356, 356, 1, 91),
(357, 357, 3, 171),
(358, 358, 11, 155),
(359, 359, 3, 78),
(360, 360, 7, 35),
(361, 361, 6, 39),
(362, 362, 2, 72),
(363, 363, 2, 153),
(364, 364, 10, 47),
(365, 365, 9, 174),
(366, 366, 4, 172),
(367, 367, 9, 175),
(368, 368, 8, 41),
(369, 369, 2, 195),
(370, 370, 5, 64),
(371, 371, 10, 162),
(372, 372, 5, 54),
(373, 373, 6, 89),
(374, 374, 4, 88),
(375, 375, 3, 67),
(376, 376, 5, 87),
(377, 377, 4, 85),
(378, 378, 2, 108),
(379, 379, 5, 52),
(380, 380, 10, 30),
(381, 381, 10, 121),
(382, 382, 4, 100),
(383, 383, 8, 45),
(384, 384, 9, 20),
(385, 385, 4, 189),
(386, 386, 11, 24),
(387, 387, 1, 23),
(388, 388, 6, 137),
(389, 389, 10, 199),
(390, 390, 3, 48),
(391, 391, 11, 150),
(392, 392, 6, 124),
(393, 393, 5, 31),
(394, 394, 3, 103),
(395, 395, 9, 139),
(396, 396, 8, 91),
(397, 397, 2, 14),
(398, 398, 2, 37),
(399, 399, 5, 94),
(400, 400, 9, 110),
(401, 401, 6, 152),
(402, 402, 8, 48),
(403, 403, 3, 35),
(404, 404, 7, 195),
(405, 405, 10, 54),
(406, 406, 8, 108),
(407, 407, 8, 45),
(408, 408, 3, 5),
(409, 409, 5, 200),
(410, 410, 1, 13),
(411, 411, 9, 172),
(412, 412, 11, 77),
(413, 413, 6, 7),
(414, 414, 4, 177),
(415, 415, 3, 54),
(416, 416, 6, 20),
(417, 417, 3, 60),
(418, 418, 11, 171),
(419, 419, 11, 16),
(420, 420, 2, 82),
(421, 421, 3, 71),
(422, 422, 8, 178),
(423, 423, 8, 63),
(424, 424, 2, 26),
(425, 425, 4, 96),
(426, 426, 5, 87),
(427, 427, 8, 148),
(428, 428, 11, 38),
(429, 429, 3, 121),
(430, 430, 9, 110),
(431, 431, 10, 52),
(432, 432, 8, 131),
(433, 433, 1, 47),
(434, 434, 9, 31),
(435, 435, 6, 102),
(436, 436, 10, 177),
(437, 437, 9, 85),
(438, 438, 4, 65),
(439, 439, 10, 73),
(440, 440, 6, 78),
(441, 441, 7, 188),
(442, 442, 9, 40),
(443, 443, 10, 14),
(444, 444, 5, 26),
(445, 445, 5, 123),
(446, 446, 5, 176),
(447, 447, 4, 81),
(448, 448, 1, 59),
(449, 449, 11, 69),
(450, 450, 4, 26),
(451, 451, 4, 96),
(452, 452, 7, 16),
(453, 453, 7, 8),
(454, 454, 2, 132),
(455, 455, 6, 116),
(456, 456, 11, 69),
(457, 457, 1, 105),
(458, 458, 6, 52),
(459, 459, 6, 96),
(460, 460, 10, 65),
(461, 461, 7, 80),
(462, 462, 11, 148),
(463, 463, 1, 1),
(464, 464, 2, 115),
(465, 465, 4, 68),
(466, 466, 1, 165),
(467, 467, 3, 83),
(468, 468, 3, 39),
(469, 469, 11, 169),
(470, 470, 10, 146),
(471, 471, 2, 187),
(472, 472, 10, 198),
(473, 473, 1, 126),
(474, 474, 11, 11),
(475, 475, 3, 160),
(476, 476, 6, 122),
(477, 477, 1, 70),
(478, 478, 2, 35),
(479, 479, 1, 73),
(480, 480, 9, 170),
(481, 481, 5, 152),
(482, 482, 1, 24),
(483, 483, 9, 182),
(484, 484, 9, 146),
(485, 485, 3, 28),
(486, 486, 11, 83),
(487, 487, 9, 117),
(488, 488, 5, 11),
(489, 489, 1, 138),
(490, 490, 5, 169),
(491, 491, 11, 165),
(492, 492, 10, 10),
(493, 493, 1, 113),
(494, 494, 7, 33),
(495, 495, 11, 51),
(496, 496, 2, 167),
(497, 497, 2, 23),
(498, 498, 7, 58),
(499, 499, 6, 93),
(500, 500, 9, 98),
(501, 501, 2, 72),
(502, 502, 1, 146),
(503, 503, 3, 181),
(504, 504, 9, 145),
(505, 505, 2, 193),
(506, 506, 4, 9),
(507, 507, 1, 116),
(508, 508, 1, 130),
(509, 509, 10, 34),
(510, 510, 6, 131),
(511, 511, 5, 13),
(512, 512, 8, 91),
(513, 513, 4, 62),
(514, 514, 2, 105),
(515, 515, 10, 181),
(516, 516, 1, 140),
(517, 517, 3, 195),
(518, 518, 2, 142),
(519, 519, 10, 131),
(520, 520, 10, 196),
(521, 521, 3, 199),
(522, 522, 9, 136),
(523, 523, 1, 10),
(524, 524, 1, 59),
(525, 525, 1, 89),
(526, 526, 1, 14),
(527, 527, 3, 136),
(528, 528, 5, 9),
(529, 529, 5, 186),
(530, 530, 1, 175),
(531, 531, 2, 162),
(532, 532, 1, 148),
(533, 533, 4, 3),
(534, 534, 7, 58),
(535, 535, 10, 155),
(536, 536, 1, 134),
(537, 537, 1, 137),
(538, 538, 6, 24),
(539, 539, 7, 137),
(540, 540, 10, 24),
(541, 541, 9, 102),
(542, 542, 6, 195),
(543, 543, 5, 11),
(544, 544, 9, 175),
(545, 545, 10, 19),
(546, 546, 5, 32),
(547, 547, 4, 68),
(548, 548, 7, 35),
(549, 549, 7, 128),
(550, 550, 5, 39),
(551, 551, 1, 32),
(552, 552, 6, 44),
(553, 553, 7, 64),
(554, 554, 11, 142),
(555, 555, 7, 170),
(556, 556, 7, 167),
(557, 557, 7, 148),
(558, 558, 2, 176),
(559, 559, 4, 4),
(560, 560, 3, 172),
(561, 561, 11, 125),
(562, 562, 4, 167),
(563, 563, 6, 19),
(564, 564, 2, 65),
(565, 565, 1, 38),
(566, 566, 1, 16),
(567, 567, 1, 75),
(568, 568, 4, 29),
(569, 569, 1, 37),
(570, 570, 9, 126),
(571, 571, 3, 114),
(572, 572, 11, 88),
(573, 573, 10, 126),
(574, 574, 1, 84),
(575, 575, 9, 87),
(576, 576, 6, 137),
(577, 577, 6, 97),
(578, 578, 5, 118),
(579, 579, 9, 126),
(580, 580, 9, 137),
(581, 581, 7, 13),
(582, 582, 9, 85),
(583, 583, 7, 175),
(584, 584, 10, 139),
(585, 585, 9, 58),
(586, 586, 11, 108),
(587, 587, 4, 29),
(588, 588, 3, 28),
(589, 589, 6, 104),
(590, 590, 5, 42),
(591, 591, 7, 155),
(592, 592, 9, 113),
(593, 593, 6, 152),
(594, 594, 4, 152),
(595, 595, 4, 56),
(596, 596, 5, 59),
(597, 597, 5, 82),
(598, 598, 5, 59),
(599, 599, 8, 20),
(600, 600, 6, 136),
(601, 601, 3, 82),
(602, 602, 1, 158),
(603, 603, 4, 15),
(604, 604, 10, 28),
(605, 605, 7, 24),
(606, 606, 3, 85),
(607, 607, 4, 195),
(608, 608, 3, 77),
(609, 609, 6, 13),
(610, 610, 5, 18),
(611, 611, 4, 37),
(612, 612, 7, 153),
(613, 613, 6, 194),
(614, 614, 4, 78),
(615, 615, 3, 147),
(616, 616, 1, 47),
(617, 617, 9, 94),
(618, 618, 2, 7),
(619, 619, 8, 2),
(620, 620, 4, 136),
(621, 621, 7, 200);

-- --------------------------------------------------------

--
-- Table structure for table `reseller`
--

CREATE TABLE `reseller` (
  `id_reseller` int(11) NOT NULL,
  `nama_reseller` varchar(125) NOT NULL,
  `alamat_reseller` text NOT NULL,
  `no_hp_reseller` varchar(15) NOT NULL,
  `jk` varchar(20) NOT NULL,
  `username_reseller` varchar(50) NOT NULL,
  `password_reseller` varchar(50) NOT NULL
) ENGINE=InnoDB DEFAULT CHARSET=latin1;

--
-- Dumping data for table `reseller`
--

INSERT INTO `reseller` (`id_reseller`, `nama_reseller`, `alamat_reseller`, `no_hp_reseller`, `jk`, `username_reseller`, `password_reseller`) VALUES
(1, 'Reseller 1', 'Kuningan, Jawa Barat', '089987656543', 'Perempuan', 'reseller1', 'reseller1');

-- --------------------------------------------------------

--
-- Table structure for table `supplier`
--

CREATE TABLE `supplier` (
  `id_supplier` int(11) NOT NULL,
  `nama_supplier` varchar(125) NOT NULL,
  `alamat` text NOT NULL,
  `no_hp_supplier` varchar(15) NOT NULL,
  `username_supp` varchar(20) NOT NULL,
  `pass_supp` varchar(20) NOT NULL
) ENGINE=InnoDB DEFAULT CHARSET=latin1;

--
-- Dumping data for table `supplier`
--

INSERT INTO `supplier` (`id_supplier`, `nama_supplier`, `alamat`, `no_hp_supplier`, `username_supp`, `pass_supp`) VALUES
(2, 'supplier', 'Kuningan, Jawa Barat', '089987656543', 'supplier', 'supplier');

-- --------------------------------------------------------

--
-- Table structure for table `user`
--

CREATE TABLE `user` (
  `id_user` int(11) NOT NULL,
  `nama_user` varchar(125) NOT NULL,
  `alamat_user` text NOT NULL,
  `no_hp_user` varchar(15) NOT NULL,
  `username` varchar(125) NOT NULL,
  `password` varchar(125) NOT NULL,
  `level_user` int(11) NOT NULL
) ENGINE=InnoDB DEFAULT CHARSET=latin1;

--
-- Dumping data for table `user`
--

INSERT INTO `user` (`id_user`, `nama_user`, `alamat_user`, `no_hp_user`, `username`, `password`, `level_user`) VALUES
(1, 'Admin', 'Kuningan', '089987654543', 'admin', 'admin', 1),
(3, 'Pimpinan', 'Kuningan, Jawa Barat', '089987654543', 'pimpinan', 'pimpinan', 2);

--
-- Indexes for dumped tables
--

--
-- Indexes for table `data_dummy`
--
ALTER TABLE `data_dummy`
  ADD PRIMARY KEY (`id_dummy`);

--
-- Indexes for table `jenis_barang`
--
ALTER TABLE `jenis_barang`
  ADD PRIMARY KEY (`id_jenis`);

--
-- Indexes for table `kategori_barang`
--
ALTER TABLE `kategori_barang`
  ADD PRIMARY KEY (`id_kategori`);

--
-- Indexes for table `po_barang`
--
ALTER TABLE `po_barang`
  ADD PRIMARY KEY (`id_po_bar`);

--
-- Indexes for table `po_bb`
--
ALTER TABLE `po_bb`
  ADD PRIMARY KEY (`id_po_bb`);

--
-- Indexes for table `po_dbarang`
--
ALTER TABLE `po_dbarang`
  ADD PRIMARY KEY (`id_po_dbar`);

--
-- Indexes for table `po_dbb`
--
ALTER TABLE `po_dbb`
  ADD PRIMARY KEY (`id_po_dbb`);

--
-- Indexes for table `reseller`
--
ALTER TABLE `reseller`
  ADD PRIMARY KEY (`id_reseller`);

--
-- Indexes for table `supplier`
--
ALTER TABLE `supplier`
  ADD PRIMARY KEY (`id_supplier`);

--
-- Indexes for table `user`
--
ALTER TABLE `user`
  ADD PRIMARY KEY (`id_user`);

--
-- AUTO_INCREMENT for dumped tables
--

--
-- AUTO_INCREMENT for table `data_dummy`
--
ALTER TABLE `data_dummy`
  MODIFY `id_dummy` int(11) NOT NULL AUTO_INCREMENT, AUTO_INCREMENT=13;

--
-- AUTO_INCREMENT for table `jenis_barang`
--
ALTER TABLE `jenis_barang`
  MODIFY `id_jenis` int(11) NOT NULL AUTO_INCREMENT, AUTO_INCREMENT=12;

--
-- AUTO_INCREMENT for table `kategori_barang`
--
ALTER TABLE `kategori_barang`
  MODIFY `id_kategori` int(11) NOT NULL AUTO_INCREMENT, AUTO_INCREMENT=8;

--
-- AUTO_INCREMENT for table `po_barang`
--
ALTER TABLE `po_barang`
  MODIFY `id_po_bar` int(11) NOT NULL AUTO_INCREMENT;

--
-- AUTO_INCREMENT for table `po_bb`
--
ALTER TABLE `po_bb`
  MODIFY `id_po_bb` int(11) NOT NULL AUTO_INCREMENT, AUTO_INCREMENT=622;

--
-- AUTO_INCREMENT for table `po_dbarang`
--
ALTER TABLE `po_dbarang`
  MODIFY `id_po_dbar` int(11) NOT NULL AUTO_INCREMENT;

--
-- AUTO_INCREMENT for table `po_dbb`
--
ALTER TABLE `po_dbb`
  MODIFY `id_po_dbb` int(11) NOT NULL AUTO_INCREMENT, AUTO_INCREMENT=622;

--
-- AUTO_INCREMENT for table `reseller`
--
ALTER TABLE `reseller`
  MODIFY `id_reseller` int(11) NOT NULL AUTO_INCREMENT, AUTO_INCREMENT=2;

--
-- AUTO_INCREMENT for table `supplier`
--
ALTER TABLE `supplier`
  MODIFY `id_supplier` int(11) NOT NULL AUTO_INCREMENT, AUTO_INCREMENT=3;

--
-- AUTO_INCREMENT for table `user`
--
ALTER TABLE `user`
  MODIFY `id_user` int(11) NOT NULL AUTO_INCREMENT, AUTO_INCREMENT=4;
COMMIT;

/*!40101 SET CHARACTER_SET_CLIENT=@OLD_CHARACTER_SET_CLIENT */;
/*!40101 SET CHARACTER_SET_RESULTS=@OLD_CHARACTER_SET_RESULTS */;
/*!40101 SET COLLATION_CONNECTION=@OLD_COLLATION_CONNECTION */;
